x1,x2,x3,y
0.40599521973400443,0.6497886427340471,-0.5823829508578504,1.0971272493774031
-0.8955397574429294,1.0,0.28449055996957684,2.4190839463673
0.9970105514289014,-0.23714958441415024,-0.46984533757232727,4.42617777964535
-1.0,-0.019704250363449027,0.042379363895879596,-4.254228105755514
1.0,0.003510654885458653,-1.0,8.30383207423006
0.6539951098871313,-0.7518106273723817,0.2246488735913479,0.3757958599894139
0.020359636252170077,0.48669156730193164,-0.09075726199592449,-0.19844818804215714
-1.0,0.23222898057632912,0.9557337982824443,1.8160734523281525
-0.0755142912688973,1.0,-0.7235466264699,8.763355689622482
-1.0,-0.6835983933817569,1.0,12.970593460267871
0.17445745859518813,-0.08167570621224751,0.01721639496871763,1.3364411920988164
-0.16961053053126074,0.20619511750103547,-0.4205115904295018,-0.07597620397350582
-0.8105428016839331,-1.0,0.10360576877124505,6.751654556044108
-1.0,-0.4454323723813023,-1.0,6.6403144755422945
0.5695622507880818,0.6886274451800594,-1.0,-1.7777902601750355
0.4518769948972856,0.005855785944029357,-1.0,-3.2803733630195326
0.30185575287364874,-0.399877588314816,0.43602708560922787,0.7599068258176257
-0.19516621255382405,0.22811319235222793,-0.7504334132132453,0.046774830306840764
0.4533136260173465,-0.459861852450945,1.0,-3.3434824949489883
0.20446538080578236,-0.7269666147796685,1.0,-3.605871152195608
0.5332172535389623,-0.7701270846400745,-0.3389272084244255,1.4023106796407223
1.0,0.33570464866678473,1.0,19.346100495120414
0.7032593160407192,-0.3611927773121648,0.8540332703877589,0.47163546346070584
-0.13557313200469934,0.1971574623415493,-0.5012855742059412,0.5528383008813977
0.28642910441961567,-0.2440383470157672,0.3676839542154855,0.7282654093602685
0.08852027245851835,0.24486987102161528,0.7562460897909089,-0.09073912821004188
0.9405495432344175,-0.48565862379499203,-1.0,-1.4126854950571066
-0.5235843870563768,-0.8353358935105204,0.7595825116712582,0.5163784646484828
1.0,0.0042048607688744966,-0.520445442121569,4.2994005638874
-0.1765764295668668,0.26190979821094285,-0.6455142210868943,-0.6164790996481054
0.6048088749299314,1.0,-1.0,8.700224534478094
1.0,-0.5445442471292683,-0.5840476007394708,4.25633922826052
-1.0,-0.35606517449224473,1.0,6.812483780824861
0.12254275992599983,-1.0,-0.40831286784409193,0.2956779510813721
1.0,-0.2928928703473894,0.5710162042621549,5.995297314253724
-0.6275963001614102,-0.2843180365135467,-0.6653165207668164,1.121847640148365
-0.2613646516102075,-0.6374755249252078,1.0,-1.557847087676385
-0.42949556703011593,-1.0,-1.0,-11.933614745254294
1.0,-0.05157404180153469,-0.4487972161047393,4.733809846032198
-0.9298674815120136,0.2639541864183099,0.2687604024733101,-4.110102192006619
0.9191033309616587,-1.0,0.9892991339218027,-8.092122609403534
-0.4425324643602069,-0.8114555368351799,-1.0,-7.0460284580022705
0.3899569928129085,-0.5197452494897663,0.4091709031620605,1.0015101561321509
-0.020406470700953694,0.8430269758386646,0.6872954113333805,4.055619233910077
-0.8282362662864597,-0.20801183433046466,0.6909751386815659,0.25110764745797926
-0.5936696826124113,-0.01585812083509297,-0.5788457175120658,0.25426926449592807
-0.05482056790895884,0.12042565576990794,0.22628004822608117,0.6110248485162111
-1.0,0.3256791923568787,1.0,2.5787336105240466
-0.23940212090486246,0.16598493414130333,1.0,2.1625337905250137
0.04763149106568876,0.6704901556550364,-0.21918487084998128,0.8425608097976982
-1.0,-0.6963214394507697,0.09210976914707358,0.6229895368462491
0.6834209230594921,1.0,-1.0,11.105759583114233
-0.8747052009833352,1.0,-0.6861171450426105,4.693519903501661
-0.44857630152644523,-0.11021955523519456,-0.5490245786317915,0.6700859927081173
0.3601052973566743,1.0,-0.14663455795022284,7.93855155079013
-0.0943518120857827,-0.9518061300501199,-1.0,-14.201794910530165
0.01603737181293785,1.0,1.0,13.122921466962284
-0.03865219587312452,-0.7755012271528026,-0.10625304660319612,2.324451519078569
0.24633883231650788,-0.657480042492641,-1.0,-8.984972115420259
-0.4777971561576546,-0.2374628831512824,-0.33872866322225836,0.4561154866999701
-0.6227353167620491,0.6782911195021886,0.44996055592979634,-1.4642143128488556
0.8870159889113711,-1.0,-1.0,-28.817261017965713
0.7361003024855426,-0.9872285876172047,-1.0,-24.182838877786374
0.953305268265983,-0.33355292126287983,-0.21736956219993964,3.6250723609539666
0.35048531591394005,0.7117233013032536,1.0,5.232243461285639
-1.0,0.6879640186221387,0.2610188825365083,-2.5753055143490626
0.6123174243360388,0.27779326458635656,-1.0,-1.955938917042644
0.6250797948481515,0.003909131040887637,-0.1780781464892871,2.028685220723814
0.7972765356611422,-0.34446454051262165,-0.5345192676997632,2.1399364227866444
-0.4249743770521086,-0.5041850643502979,0.09048234240100594,1.1738736426016327
1.0,-1.0,1.0,-9.182170872039844
-0.8147663987039924,-0.3248544094711474,-0.859144285243088,2.780658767076233
-0.009963056387917169,0.8526937447314733,0.5803034853334699,4.013456477596103
-1.0,-0.8000065733502613,0.4069511850423131,6.428890087114944
0.7792425641294167,-0.08541773528617402,0.5939095169397759,2.4589216280563093
-0.5085572103487095,0.6012656272852279,0.1636602188200218,-0.8406146448372215
-0.3092178829847343,0.48515646844686944,-0.4069335495724937,-0.5141424851136239
1.0,0.614646852249936,-0.3543846023236641,5.306748268521024
-0.7152895077142363,-0.3879300580838454,0.5732912269715511,0.35089779441832647
1.0,-0.9083363191301872,-1.0,-16.21277567228212
0.44151966374274587,-0.39036865030898427,1.0,-2.836021316596013
-0.9048283543074902,1.0,1.0,17.533642842655397
1.0,0.5421884404579007,-0.15203756432532356,5.639231375199271
0.28268975859882794,-0.4725363695032039,-1.0,-6.262432447511726
0.8719612553680827,0.6325006793107413,-0.35591665860994337,2.8709869950971068
0.14813170329793124,0.48431467050601396,0.9785725770457605,2.749309708064095
-1.0,-1.0,0.18097464991216672,9.77950926357884
0.8981072360821387,-1.0,-1.0,-28.79386503588235
0.3518453898396925,0.1926347169795406,-1.0,-3.0752289508586133
0.6700348968784353,-0.38914364739815976,-0.6476542208648581,1.1454213103270654
-0.2668049732813982,-0.7358340528806915,-0.028960954668934002,2.2534353211323106
0.29693456720285605,-0.45924680736968915,0.7602043101676639,0.06051116599378428
0.007602731482819314,-1.0,0.005206684285952612,2.257722487642506
-1.0,1.0,0.8415902182957453,4.766414004680567
-0.19505922145996069,-0.6163816657140095,-1.0,-5.724523253830808
-0.11016227664149603,-1.0,0.44626300492652593,1.825311948941792
-0.1848474577692154,-0.13998315806520956,-1.0,-2.719557764023403
0.1333436264895127,-0.4264817686832054,-0.014169954087262182,0.8962030868054333
-0.41101673711223663,0.39966324182312074,-0.1301118401720418,-0.6912475023442983
-0.027077514497546584,1.0,-0.6214613147998265,10.618379234338764
-1.0,-0.43097462212224524,1.0,7.473461708646933
-0.6021269019570352,-1.0,-0.26470127797327625,3.2430394918598417
-0.17502385079183047,0.36968834434058917,-0.010838015991017302,0.1003312885026596
-0.4610724033600415,-0.5527125778679445,-0.7945725440531668,-0.21366759544619013
0.9313678732056523,0.3256948880415349,0.21580087478706766,4.875795263526947
-0.22743375837147495,1.0,-0.07560128361536145,7.610076362639199
0.5699975692803505,-0.43353509651353916,0.17195436215484605,0.275262874513974
-1.0,-0.693802481085116,-0.02703611455022492,0.8812316623430054
-0.34174531397313657,-0.2176027607954647,-0.5768492681944006,0.22497789029615994
1.0,-0.3866430686731286,-0.6740709987907885,5.362470001879817
-0.6060263899567617,1.0,-0.5683666996160768,5.019681469028653
0.07360567240567573,-0.9235156424319453,0.6654890600833046,-0.41611277317467443
-0.09452613168634061,0.9320769995029583,0.44754755899852716,5.358119002465594
0.12137839816762219,0.8738646286883596,-1.0,-1.504650798123558
0.8279425923155959,-0.48445755844736427,-0.2689528754373405,2.0206972200797444
-0.6278841617449278,0.47341603479782,-0.8587746890182442,-1.207910448540176
0.267371420028208,-0.6220469128032278,-0.8351015487837241,-1.4299662385530856
0.907987636007312,-0.6348291775655466,-0.5342207858643631,2.4722610883332026
0.08475633697935536,-0.1436014257770224,-1.0,-3.6254283761920147
-0.8277886906429064,-0.15455485952961,0.19480055103343785,-1.3128014794039178
0.9666637708090164,-0.8996770310415005,-0.21914448367229022,-2.25496110885503
0.6650658946556607,0.43476132712416304,0.4263570515075066,2.222724588703762
0.45947885061904903,0.01841645817024995,0.8214530638596342,0.34666561494352494
0.22927457355565428,0.03989607482861657,-1.0,-3.2663202940257787
-1.0,0.4672803831205077,-0.8964145531573791,11.367447683230912
-1.0,-0.5128312995355437,0.07780019990125275,-1.5652252725024762
0.06446406042983543,0.1946475078525216,0.37424285499938703,0.48333836722688883
0.07558989652940595,1.0,1.0,11.716519005504432
-1.0,1.0,-0.04329266442489921,8.405198911141268
-0.6282102392968658,1.0,0.04134768245209042,5.121832904297014
0.7587258088116355,0.1324000516856898,0.490315386614512,2.873584772618119
1.0,1.0,-0.2955528141015755,17.306412693369186
-0.8991550538466482,-0.515647058390021,0.5197751625847864,1.6944504585653384
0.3068010784466624,0.3062452829503577,0.46375925001338536,0.34513150549654625
-0.45670097210075644,0.5377556768183538,0.7128571698957609,-0.5828905210084437
0.2732103397822141,-0.23710471452230397,-0.5747865320371006,1.1097762790671102
-0.25840376513349916,0.058339330242180854,-0.5914668539746195,0.05387851511060551
-0.2423966903409216,-1.0,-0.27672415363569725,2.281527888367782
-0.2247712591089226,1.0,-0.507843329849073,8.942376930856785
0.7029991529492123,-0.0044415688529066966,0.013232128368865004,1.129918151624167
0.2208701168252174,0.3070024400066498,0.9446396699933493,1.3440189232030337
1.0,-0.4742390805084382,0.3625135651466218,4.451762276721253
-0.29089620192258336,-0.15705025066547873,-0.3792312958060582,1.3259637964605984
-1.0,-0.13641804459708484,0.33533740620380414,-3.088138229041631
-0.7898580300005966,-1.0,0.009177157897669153,6.2135582738991095
-1.0,-0.08649085462258421,0.15422750484796555,-4.010880365121967
-0.16459856684273677,-1.0,0.824436380180323,-2.6976752792185823
-0.899834696823328,-1.0,0.6208323897290935,10.532420355912201
-0.21898418616998883,-0.561613139786193,1.0,0.2275165013145024
-1.0,-1.0,0.43435063660951734,11.315109505629488
-0.1185612669875371,-1.0,-0.4236130005512775,0.7582399473453254
0.9749873264284679,0.869693221047148,-1.0,21.354141481406803
0.776864479417646,1.0,0.18497209073378218,8.492297734678354
-0.16337441373261585,-0.17150723214246177,0.4698908176128749,0.049029771396227134
0.7528110211073422,-0.34740387985482135,-1.0,-3.388620222030407
0.07802415410130648,-0.5272827543772656,-0.5485458819882476,0.37333662429775194
1.0,-0.8359680712800688,0.0438283293718571,-0.7396229266755862
-0.7290294904898347,0.6374514527220718,1.0,6.258223296001548
0.2391651735581961,-0.8986943602364468,0.03409385631967887,1.3247876976557034
-0.5282166220110942,-0.36968908095761965,-0.6461479497754987,0.9905246415211635
-0.5590121091490365,0.27557804780716477,-1.0,-1.501366563465039
1.0,-0.6525560065492442,-1.0,-1.8432906204582853
-1.0,1.0,0.7688839694805947,2.639983105820637
-0.8972066627735371,-1.0,-1.0,-0.16385702428418775
0.12908634400422447,-1.0,0.5611806773909647,0.9308877340192632
0.3175721103100926,0.668822915507727,-1.0,-3.589661388719335
0.29469149442181,0.514685173019493,-0.7879636781339086,0.771857554238934
0.9175966266418898,-0.4140447999883361,-0.7191303584688304,3.5031284885037506
-0.43846528065177326,-0.41588978701656676,0.21199006402012333,1.5445294462955348
-0.5310362011096199,0.20816978258578578,-0.7609805172219017,0.027767600864601005
0.8924945812847553,1.0,-0.6970528835614518,18.49738219274071
1.0,0.08781419222100295,-1.0,9.212242829257338
-0.5644331945601317,0.755060015392097,1.0,9.1881952844445
1.0,-0.20586214694565208,0.8844720036500862,7.787164600675822
-0.4340432531304106,0.792600116311966,1.0,8.716023544614359
-0.7290393911479713,-0.37643160636368767,0.7803961338685392,0.5703852495669957
-1.0,1.0,0.09804273244705031,6.825883419357589
-0.3022696691963276,-1.0,1.0,-4.6361465841453375
-0.028169233692557416,0.79079390618107,1.0,7.55737194250673
0.5772613158319357,0.8121019829178531,-1.0,-1.073215090577324
0.5137775050273472,-0.23497703910926093,-0.168955515623755,0.3724006960881411
1.0,0.452340080334378,1.0,21.713227838287168
-0.26486788576767917,-0.8933529408399572,-0.03752029537851587,2.677882718260109
1.0,1.0,0.10912471057129158,13.265700792994394
0.15501301796147304,0.4819208954695089,0.3304694160449331,1.1638199082417202
-0.5066879394073152,0.1504537358678093,-1.0,-0.08906245400961599
1.0,-0.21244560102499954,0.7649955007434541,7.5176854555953785
0.24151484205247176,-1.0,1.0,-8.189835196075562
-1.0,-1.0,-0.8007162247931259,2.339591748844602
-1.0,-0.6324150355681446,0.3511008210538842,2.7279199808389345
1.0,-1.0,-0.7735266114014763,-15.972566638209413
0.30727772502363204,-0.8038471281959192,-0.031179466858447524,2.14400304256929
-0.014551272359595968,-0.923656900404811,1.0,-4.670123410359662
-0.09932188746732407,0.6473427448694034,0.8408318172959042,1.63328102852588
-0.004766133806169526,0.7045558054268259,1.0,6.247614123166555
0.7314284182455202,-0.7560371464275295,-0.5405861902120288,-0.25119548002221187
-0.4257372050580561,1.0,-1.0,0.9761808963249414
1.0,0.1511014371752799,-0.6410979892881483,5.0544208586541535
0.46891334503184345,0.17861956375531496,-0.5319737947924388,1.186679011054097
-0.4308644545995768,0.17899677574428496,-0.7173568177423737,-0.8596388410125828
-0.04117571782934992,-0.4661437954974039,0.9072634189348738,0.16320292803780745
0.6762502208288936,-0.44166187039444726,0.5783090644393909,1.4822956642116147
0.028487564258909304,-1.0,1.0,-7.317302677608476
-1.0,-0.8075354973832938,0.5624771366587411,7.732928687910786
-0.78933445958364,0.19983536802284574,0.08811973393728234,-1.3975711786664364
-0.5272610424844992,-1.0,-0.35923934605324104,2.4790564228535046
-0.1784442725771227,0.1024096474415892,0.26216896349884267,0.24126166780165645
-0.43517253981375514,-0.5316820931068558,0.028682975925245602,1.4846569397319187
-0.48497065743454115,-0.7341906253279802,-1.0,-4.43487948058816
-0.0539371938284694,1.0,-0.0040079945101447745,7.955551566988678
1.0,0.5970926056924999,-0.4412467775594102,6.131912020023796
-0.9002009254646925,0.14637453727464034,0.2851624507902797,-3.790239078232254
1.0,1.0,0.22000096370961852,13.465444694691085
0.11276852592550113,-0.9206875499095206,0.6936583894791535,-1.0157965632269068
0.6203793886386726,0.8102574039234249,-0.11324721224191325,2.5291222056963387
-0.437242547420712,0.8366895885378292,0.892536370261998,6.499606278641206
0.8794611257563509,-1.0,0.047771815308826904,-5.371998641317687
-0.10383855844995638,-1.0,0.43025756624822686,2.010555664114503
0.4367833966648025,0.791670520307505,-1.0,-2.0712289319603903
-0.10488809747621342,0.6184323199484703,-0.4355831174519631,-0.29432226554157087
0.6283904744642073,0.0668493053045629,0.4866746085674738,1.4933530286315406
-0.3752439839289248,-1.0,0.4365122424364096,2.0368633473570683
-1.0,0.7727235673948398,-0.560892136309086,5.19285496979025
1.0,0.37554011623496164,1.0,20.009669364950152
-0.7800019166126966,0.36906637244870377,-0.6272477085432442,-1.1250318661630914
-0.18128460763618137,0.05985662532662217,0.7111907822564403,-0.09674785005692167
-1.0,0.8496904094736115,-0.15137093874021224,3.569520389971499
-0.4472495852217333,0.5509289559102175,-0.009013527413250122,-0.34719284366045355
-1.0,0.06973805607279449,0.3146584483349413,-3.1653445961279902
0.08577008417610843,-1.0,-0.22661685935282172,1.9796746668335685
-0.6677712827693587,-1.0,0.9580571812388441,1.8862649290864
0.06553340463940738,-1.0,-1.0,-17.881592542654445
-1.0,-0.09910576649030389,0.37398516818247685,-3.446296387329033
-1.0,0.3192745500996008,0.09901292355442015,-4.198212845978898
-0.2903511083914756,-0.7260165999098145,-0.3602655467778939,1.9868270592982722
-0.6217239893158055,-0.868048030091543,0.232351424658795,3.129736207675386
-0.36606720265505244,-1.0,-0.5037494746198508,0.7278825300680979
0.30995502210721915,-1.0,-0.05624330157023394,0.5945522812265127
0.20042376683805418,-0.2916946966118723,1.0,-2.0357108589982613
-0.9354129169638239,-0.47848555218588484,0.018005961022990347,-0.7185339792062369
0.8595106077231782,-0.6860599656390158,-0.8068260290870573,-0.20507623594712737
0.41461843694114653,-0.2570897577914988,-0.40962869795390655,1.5272349028815397
-0.7429756494367723,0.39115599082448793,0.24367950725727305,-2.3717031389124412
-0.11266231104824986,-0.9637403134247242,0.3963729108707328,1.0669980115221722
0.15198770546167562,-0.47802730295053086,1.0,-3.1838156321754107
-0.19470281425600522,0.5355891850575614,-0.9658131847343812,-3.711213668659998
-0.24430850329460063,-0.49606638219011634,0.24913936317436747,0.9796716502646707
0.4916198452832432,0.15585437923016565,0.13472875362330194,2.128476740993034
-0.8607250175226122,0.06068554773947521,-1.0,7.024300905203468
-0.5002987531302081,-0.4736784733361321,-1.0,-1.877540391421114
1.0,-0.781830270885064,-0.6183470632756725,1.751951087400128
-0.7849219040487847,-1.0,0.42818209286821696,6.6607699457647715
0.12301058743408322,-1.0,1.0,-6.325005621409622
1.0,-0.8584211607642529,0.3255029548575403,-0.7349465152988939
-0.5776597454152477,0.2220372364657499,1.0,1.9080449775833352
-0.977062856456079,0.7868018312298906,-0.8856021986800293,11.132754545553006
-0.22844410894409561,-0.7021008653685354,-0.9321122592657458,-4.933436086590218
-1.0,-0.0612770069447619,1.0,4.087553577618128
0.8827039027819885,0.14708191679843763,0.18780300010510453,4.168668825639277
-1.0,-0.2538953252115368,1.0,4.870447161090305
0.5914895421640605,0.13694841256454104,0.8854026273416671,0.8428923806716456
-0.09989644904827388,-0.539176801564625,0.5883372307884815,1.1151310695782701
0.49752719480099583,0.1083728388020726,1.0,0.5793812114006676
-1.0,0.6979919427739583,-0.05094623885801286,-0.8811089318255383
0.8090451276030088,-0.6362103643803156,1.0,-1.4650096728219917
0.7323149278498597,-0.6372942853091108,0.10340969496535157,1.8049830053860507
-0.3059859866605932,0.6908950225205377,1.0,6.85936332573601
1.0,0.15524610841928133,-0.3453566242054811,4.504603940254681
-0.035035882932061835,-0.7468958938863164,-1.0,-9.224978486951187
0.235004823465073,-0.02063541324917484,-0.20519706883981015,0.9272886594856318
0.5331572375840634,-0.2215457167457422,0.8489043986220675,-0.17064613357065594
-0.8717198419968495,1.0,0.554988275883701,2.0367367153303513
0.17482277541983904,-0.14182358207028356,0.1721566799280243,1.426426800354261
1.0,-0.01473956045854985,-1.0,8.439433200837252
-0.2621785250498101,-0.34085199648585385,1.0,-0.41170396128260733
0.3653001386062218,-0.7965448856776869,0.477276324334202,0.17724010105078525
-0.7757974465478874,-0.23064394583289993,-0.3776100548549246,-0.2858319388646122
1.0,1.0,-1.0,39.66643598885629
0.18696767574643336,1.0,-0.17446766058813346,8.659478882781398
-0.14083784136220312,0.12284540850166459,0.7270467838125598,-0.058943715955681916
0.5648464772987558,-0.3797246864407493,1.0,-2.5001614257183578
1.0,0.8366044309092531,0.032425519847312456,9.646239386867135
0.8551564927592497,-0.8470346061775498,-1.0,-13.806847690086245
-0.031070282067745758,0.10967997360660897,0.7675269349072809,0.04201697173773972
-0.5496670763509042,0.1269303060376772,-1.0,0.08082199579800048
-1.0,-1.0,0.19111377851526012,9.325922019223443
1.0,0.06802417801320937,0.9951651089274882,13.758042259894449
-1.0,-1.0,-0.15233965335563515,5.74265584784797
-0.3184531598673104,-0.9312193170822405,-0.0885417805444979,3.0634329624578887
-1.0,-0.8542064153979096,-0.7762993601792805,3.110486444437836
1.0,0.571520231077669,-0.2939469180500909,6.091183235548446
-0.4451120307332337,-1.0,0.14996031352614025,3.1084709530869388
0.1710461387746096,-0.17567075080229677,-0.30800917095504765,1.1846573252496195
-0.03606410638740387,-0.8361907774269846,-0.8513261106432526,-4.317058128519125
-0.9249210525717386,0.29085085599046834,0.3351376328012119,-4.161812917719761
0.37765729792000813,-1.0,-0.9025359808758808,-14.092789235286995
1.0,-1.0,0.22686797221531352,-6.39789624871161
-0.20245590519860168,0.4019217031806481,0.17589045530523473,-0.44886656831532357
-1.0,0.9337324157447218,-0.031137604953332287,5.3822948986631225
0.934046490428958,1.0,0.2181972287368661,10.891412006256358
0.6391711486054277,-1.0,-0.053098552232799356,-1.0698046230760858
0.8391351287225697,0.5937319699955479,-1.0,3.3904518536664776
-0.7486728399737264,-0.44369181006569924,-1.0,2.1284934674815092
0.49951254607145135,-0.0906160744650395,-0.25514837643521515,1.3036111599793068
-0.7365726141082733,-1.0,0.5317894881752516,6.147651555919597
-0.28781245235592023,-0.8118785968049007,0.8447740995438968,-0.7306415314927039
0.42681461794432574,-0.3597777228229213,-0.05863620510704881,-0.2436127365292804
-0.7568923817702322,-0.2076068763296044,-0.1425689073945282,-0.1577657834937808
0.3558970994201518,-0.5599949505522772,-0.3022997668450351,0.4004422592185325
0.5831240481570743,0.6353017103381715,-0.248522036801885,1.7853167356206563
0.5208311114167723,-0.649404101990054,0.07698844887567335,1.1055913297415965
0.360551576081944,-0.3673235059387838,-1.0,-4.891407258601894
-1.0,-0.7456956671405228,0.1715421294932309,2.815209457062031
-1.0,0.035051878697210936,-0.14218448336561829,-3.8728782612373918
1.0,0.9582536614173671,0.7914424919697765,18.20473958504627
1.0,-0.6342640142701612,0.34452735223987796,2.207699897165972
-0.6762265598269648,-0.024624160107849846,0.2596396612092746,-1.1409088660593345
0.09887378462966478,0.041176873740569775,-0.44203688646416595,0.7868838763124136
-0.8985764627526707,-0.8261466219097067,-0.6288056475463737,2.748526752999784
-1.0,-0.09000670298214963,-1.0,9.507158250514328
-0.35569033554953533,0.5592149481725854,0.25342818690619073,-0.19585536362290634
-0.41278876655519814,-1.0,0.32452772026477494,2.953924488078211
0.03166365982369945,-0.15550473417834088,-0.8692060945673705,-0.4095309598284885
-0.8185122244131064,-0.3655266779561943,0.39885189647345065,0.008995304732392698
-1.0,-1.0,-0.9223720352159839,2.4284721190862166
-1.0,0.21582848830831414,1.0,3.4179002121518343
-1.0,0.36653996856507165,-1.0,16.058891699910323
-0.726142725441757,0.18154484410744187,-1.0,1.5357905329466788
0.5523187514819403,-0.036147413511386395,1.0,-0.17260658564852654
-1.0,-1.0,0.47308683909674887,11.318021811347291
0.9012136803465083,0.39126402199876487,0.7354297346164891,7.756266670507425
0.3126325167022941,-0.0746440643218782,0.13212439928224518,1.5380619532942168
-0.1862537646473179,0.803469717041942,-0.25723542111384656,2.49372229270418
1.0,-0.3053594832547655,0.9524260816722059,6.537936032260946
-0.7462596214250541,-0.07287572301699341,0.15025699414534888,-0.8056837485772933
-0.019699326981573728,0.5660226067586371,0.473971431744745,-0.04775847387725618
0.6457890830624824,-0.6525802512061769,1.0,-4.151150718491005
-0.356202668867613,-0.17328030665584615,-0.5817655547333138,-0.25662090017963757
-0.44151326040069794,1.0,1.0,15.22293456218477
0.4577914434335706,0.5154039447342609,-1.0,-2.897640698711335
-1.0,-0.4376988075270376,-1.0,6.602771203735586
-0.6668775310404931,0.03220091983746798,-1.0,1.4207727703337696
1.0,1.0,0.6231164350931477,15.04615389245773
-0.03939811459214271,-1.0,-1.0,-17.7571802251304
-0.46514525920002736,-0.10706552568748617,-0.27276211582111864,0.6478863347824199
1.0,-0.9545640260724388,0.036534193967650896,-5.403720280628235
0.5687847830742618,-0.8518450400784232,0.3365090570809699,0.6201850432498464
-0.9279186878594647,-0.3509258421152641,1.0,5.782986953118274
0.2558735184070675,1.0,0.2297912264860822,7.171669485640919
-0.009302773706428624,-0.5134667382435403,-1.0,-6.276714857680321
1.0,-1.0,-0.768771592466128,-16.92273215526843
-1.0,-0.49097610656431034,0.25211494968708026,-0.9782514306572148
0.8145697905547218,0.8278225023134538,-0.8643209531497906,6.37822362152593
-0.09552415712741635,0.4402896413779842,-0.1985568192200089,-0.11021330117563077
-0.64069448549174,1.0,0.26460216608968956,4.719549114906751
-0.5520031761835271,-0.07618999095806545,0.8358866589807712,1.6014902406448002
1.0,-0.3024339125936175,0.1618221277561518,3.7633747201190726
-1.0,-0.2638870138429661,0.39390714626756074,-2.7691792732329765
0.051389988175654766,-0.05916342588465362,-0.7729287040426873,0.5000213663993724
-0.4724721641425724,1.0,-0.5459046790087942,5.826546917706509
-0.07535961278168446,1.0,-0.5502127592045007,8.93175584660407
-0.44985220375457624,0.1332923681251601,0.6861536780914659,-0.09581799013508663
-0.1824155074345606,0.5163842631117541,0.19797551339250985,-0.3325774286358988
1.0,0.6060247695855716,-0.1704393991208586,6.0011540807008075
-0.9606902849588397,0.3645368122471022,-0.21586450575008675,-2.2582115264905314
1.0,0.7064924694501424,-0.9671268360901337,14.972356525226193
-1.0,-0.8281915711548844,0.6198280589730785,9.208018747313705
0.3236758792890704,0.30756291708403216,1.0,1.505679571211176
0.20980920529271252,-0.06386972721217332,-1.0,-2.9425629891157543
0.4057415244848346,0.5650828932111858,0.06622173336882642,1.5645989832524454
1.0,-0.3678630214201293,-0.5087756162859678,5.3132837266604325
-1.0,-0.2290409953448953,0.7117255603419654,-1.4050678867683009
-1.0,-0.35371206630826957,-1.0,6.546747316698344
-0.3974707761143246,-0.8730131237701899,-0.8317728625546448,-3.7988667271644028
0.9667695964434464,0.5553510341208268,0.9212082955766523,17.004589593216014
0.15129659544845864,-0.749903203778119,0.071613316347519,1.9717940167416284
-1.0,-0.03512727057622356,-0.5061453794003656,-1.887666277439699
0.5417664211174025,0.5364688955168722,-1.0,-2.114279667755766
0.3983122755983832,-0.9620859878158232,-0.3974319009930223,0.5502416071563248
-0.6228183964646006,0.09049319224524988,0.7425442219490523,0.18758199044952378
-1.0,-0.6544384667546979,0.07865569884737744,0.6205176885958623
-0.7938161795082201,-0.6863919907891078,-0.30286466326112027,2.267732642055004
-0.2424478781547137,-0.8521162160235802,-1.0,-9.80112313203746
0.5031652710688816,-0.05263790781531741,-0.3170091710008911,1.3691338254727092
1.0,-0.39699639917877794,-0.8239610809174698,6.440625357428171
-1.0,-1.0,-0.9934384013925839,2.345820378546158
0.9918306721799319,-0.03149382999389028,0.3207448233361021,5.421627569081172
-0.792827937849435,0.7073225808415744,1.0,7.2975109346565965
-1.0,0.03250830166984775,-0.5824040943079498,-0.7333102499301536
0.6380260914525473,1.0,-0.010741915430151572,7.805510659127921
-0.34755198386194075,0.12421310305535904,0.25723468416087103,-0.1904945598525028
-0.39948290544715226,-0.4422860328940945,0.8929024168100506,0.3441857826226796
-0.20655560856397814,0.08576950986596876,0.9964385114530803,0.30401101628653315
0.312015403945499,-0.8593715571757823,-1.0,-12.224960232795024
-0.21999141556047164,-0.0818119726666573,-0.7167003949861686,0.44319506150137744
1.0,-0.23273660846486144,1.0,8.7159825886982
0.30073829831349275,1.0,-1.0,4.579917927329279
0.5278797921084295,-1.0,-0.047932370777472144,-0.5044416234938895
-1.0,0.41017744709286696,-1.0,16.822639679438243
1.0,0.5436679965821625,-0.25924026972193226,5.6188002982605925
0.19446023913993504,0.040936548427186636,-0.18751751756318025,1.1850169261432473
0.38738709625693546,-0.9543923261923339,0.8468809152579955,-2.507445779779292
-1.0,1.0,-1.0,21.551969389634593
0.27407730362333127,-1.0,0.32835444262117175,1.4090010795613588
-0.7149587037550238,-1.0,-0.16408911044794072,5.144264610735801
-1.0,-0.007063148292922206,-0.08415906135031159,-4.718590818172049
-0.008011652925416834,0.4483799614106969,-0.3453469097292874,0.9882781215824833
-0.2782729148404557,0.5835440997770094,1.0,4.922351084027638
-0.3227361784088856,-0.008637368015088631,-0.0830568116405852,0.10040016547515113
0.39290036760225666,0.6772103868812034,0.6249255952148436,2.690462779792038
1.0,0.3709651889477439,0.8502492152456831,14.581493469091049
-0.47966111415946266,-0.03625912542697418,0.6665641247036287,-0.1200308682924418
-0.07453603933362629,-0.8241982876561209,0.340501130090892,1.482947148590965
0.7560287053458752,-1.0,1.0,-7.333470537998064
-0.9574933049226821,0.8367320989355809,-0.4565574032103594,3.6947642714598667
1.0,-1.0,0.45022248766931927,-6.607408055854133
0.07247323984354304,-0.42330995299592544,-0.6845959303202191,0.7561661559975965
0.9553975462272848,1.0,-0.890140092926428,29.071582770977525
-1.0,0.3026036416811655,-0.23637639769644458,-2.7000512141767565
0.2986805287809242,-0.6813867326533487,-0.7725451494223159,-1.8963386745174957
0.44316016586982276,0.01403048072095725,0.01394483021137738,1.4822515619862335
-0.4173992384165224,1.0,-0.5689770348920604,6.835237772495738
1.0,-0.010571645254473294,-0.006937853548727002,4.283046305904605
-0.5634367269218696,-0.4936094806668525,-0.5182572542700126,1.9195235549391085
-1.0,-0.5570861296165992,-0.09197477461717796,-0.4351329392933119
0.042206942882268894,-0.5187500545000905,-1.0,-5.568760736497134
-0.06110494838632974,0.9097513249058544,1.0,10.785242722539774
0.21488572006778783,0.08765247199771742,0.5431118007831499,0.9977200241832738
1.0,0.41787755763487255,-0.6089331462177379,4.691410037118369
1.0,0.13386251807617566,0.1805794407195076,5.875645285228884
0.3455400635056207,1.0,-0.9697522951735216,7.365032243458436
0.8823244438024993,0.19091424320506656,0.6597624124927373,5.736307102876651
-0.17963194140066419,0.4297436199502167,0.30876599760348733,-0.10366855200831168
-1.0,0.474344377590987,-0.9860040145132831,16.98039949892401
-1.0,0.4895247195016508,0.719908243158597,-4.103465589434365
-0.12679094764204435,-0.2060375110122179,-0.3370079616417787,0.5772678752433863
-1.0,-1.0,0.25174761328320794,9.592869489812971
-1.0,-0.6708344878562034,-0.9528165252574805,3.734056872536133
0.5394442585720971,0.3042785348815742,0.04737382456386774,1.3089159232771534
0.9571917124603375,-0.698903648546993,1.0,0.6690032987817159
1.0,-0.6006794810281337,-0.14476745148996573,3.5206720223018304
1.0,1.0,-0.00898655221683864,14.12126569067055
1.0,1.0,0.17861611686814638,13.48432906561028
-0.2061355308986097,0.18271304182986658,0.017024746745814223,0.3703650354835731
-1.0,0.22250301390907823,-0.1273062696882281,-3.8537288671600294
-1.0,0.016252396397173685,-0.6060584987372284,-0.7977744054699035
0.1247622332062619,-1.0,-0.29724155029731403,0.5136944372899438
0.4194249280648752,-0.34329695146991934,-1.0,-5.228932569087899
-0.03394384464947198,-1.0,-0.23243978260988385,2.465381709269259
-1.0,-0.9317723040552401,-0.5227156374492883,4.569955969492095
-0.47639557888216144,0.3991449223845984,-0.6323990376194657,-0.8258090459263863
-0.25094132460858787,-0.20988859161826157,0.570742915972763,0.009418723612094795
0.547781552401889,-0.32492615652377443,-0.0811700224512002,1.6762831259457642
0.4225605663121974,-1.0,-0.059386347416001684,1.2007177616460547
1.0,-0.28372285755467663,0.048748489594909294,4.062624152043098
-0.18290715682015524,0.796582379559962,1.0,8.043916463018535
-0.6918167018200716,0.5865874309883718,-0.8954448066923184,0.727521313528849
0.156127286409661,0.3787302953460987,-0.2926238904641556,0.43071377569616465
-0.4967625538875282,-0.8669988782051803,-0.2550907409675449,2.7164211943315126
0.8176575364774405,1.0,0.04593089488756141,8.598079231510317
0.44708891675331164,0.2889376261130918,0.04516441491411838,0.7355403249729704
-0.2710215804882592,-0.5465245582419274,0.25801255971282155,0.32105206124669283
-1.0,0.201439531638685,-0.2149023853625438,-3.173822941700579
0.5830204791189175,0.15382425918774367,-0.153140642816193,1.6485052695356046
1.0,0.3261046498918734,0.1930017262816206,6.071542784087138
-0.7658056281739831,0.7307300865342343,1.0,8.471989985562992
0.8616370256579373,-0.43116220709570885,-0.5859940899132898,2.056343500400565
-1.0,0.5068719956415393,0.08481790761768582,-3.2184009477712783
0.5080478105699566,0.07760724773283445,-0.40136535336877666,1.3513357456484687
-1.0,-0.8094357343506575,0.27900844205137254,5.248624832979381
0.8431367819053031,0.5173731427799844,0.9071897077736935,10.14295464736902
0.9303424800146425,0.022004589681537734,-1.0,4.864284444986325
-0.9383209279476301,-0.6125963603156419,0.10887452116705942,1.1595555116860141
-0.9686596470106528,0.1397611996497483,1.0,3.2697671999535314
0.5668707577672345,-0.553335107316898,0.2316357236097586,0.8382271422478886
-0.18917276488212686,-0.27726278301294527,1.0,0.16995581224077994
-1.0,-1.0,0.38835372719316097,10.869174988335956
-0.691235972703699,0.9399892146808819,-0.6620250604651658,1.4715193167470082
-0.12398825568208882,-0.8649991095474714,0.052154953408758864,2.048876674537974
-0.08708768213796403,-0.6074036333753916,0.7115029930532857,0.9040071263767103
-0.5595179446900833,0.5779623109985879,0.597954670297197,-0.8941510723977478
-1.0,-1.0,0.09879230167387587,8.40329528177127
-0.0182115471190869,0.008227800660533191,0.4661316051480593,-0.07945907171237399
-1.0,0.6079516009108077,0.5964722554144279,-2.7800582879183913
-0.3037636742205869,-0.03431187280848125,-0.12459151076762764,-0.12727861818827554
0.40342339271980343,1.0,0.8211418237422874,8.9224518078884
-0.05574630785349677,1.0,0.09073857282300879,7.918602016290907
0.007286857620621756,-0.914479848167761,-0.7279689549225961,-1.7928599609368514
-0.2948876044741615,0.17142379337013258,0.43482612402578247,-1.0766362835043142
-0.25845446657542226,-0.31289094786249594,0.1453746202518098,0.1670282555486562
-1.0,0.21609505364918768,1.0,3.1095824744907143
-0.19144801839126058,1.0,-0.35203175054754987,8.522415955239223
0.663894811596839,-1.0,-0.5727762686688327,-5.001893554340707
-0.45687412385078296,0.5202672121420424,1.0,5.075180372765947
0.1670368216311937,0.8150189243436494,-0.2662676824630543,2.704691400850683
-1.0,-0.2922193736262766,-0.9422374417818988,5.221036171886717
-0.5561096098179898,0.007418810516112817,1.0,1.5767063614329644
0.09540291552120861,-0.7071259667347385,1.0,-2.3403570738903716
0.17712872017844306,1.0,0.49789570625476687,7.085127442619494
1.0,-0.2676508017090111,-0.3675889949364317,4.647502135452314
-0.12137181501037153,-0.1347739060731945,-1.0,-3.529211022171918
1.0,1.0,-0.5377802823902931,21.90409556319503
-0.040838952980306376,1.0,0.8103066989474634,10.36410138277442
-1.0,-0.18932959457401832,-0.6343210925655651,-1.2322662299007776
-1.0,-0.688151820964148,0.2839172966941439,2.31941948803876
-0.7532817154785103,-0.6205711543483274,-1.0,0.9273140680138015
-0.38050283972715815,-0.4653914716794292,1.0,0.10644506310765617
0.6157858375020717,-1.0,-0.5211073399726638,-4.313881590083078
-0.4838320700296044,0.24536728832430033,1.0,1.7195487500630162
-0.9515575724392484,-1.0,-0.13216814800238796,6.26932279985498
0.5614287919497913,0.7269149302136022,-1.0,-1.5056816933563564
-0.16263713572483596,0.16977124296431612,1.0,1.4717936236083762
-0.46556923292393315,-0.0706854300750106,-1.0,-1.3883913636110987
0.6667678877657406,0.4897127820295173,-1.0,-0.6711988555699182
1.0,-0.7538797360800142,1.0,0.6622756556305455
-0.19566015107125634,-0.6098251255287717,0.025840869907404418,1.310078716955273
-0.1309588661022827,0.8635599103859088,-1.0,-2.3014694041152324
-1.0,-1.0,-0.21912918181887253,5.817259568472929
-0.818024683104327,-0.6381391986266085,-0.9417307736081892,3.11404516124984
-0.9922485795898461,-0.7783746388000761,0.8677104631933121,11.897900564494774
1.0,0.6009931350765665,-0.3629540474111752,5.775680294664204
0.09208496819767253,1.0,-1.0,5.054302246739178
0.1888220804040286,-0.06769240878030347,-0.17391943145274436,1.7114549784553166
-0.23961611278276473,0.18856848330386033,0.0346387490808957,0.4722082814400716
0.7462767650463817,0.41679482127825884,0.9653575695538474,6.60342465775211
-0.48577917390543,-0.7859239164881924,-0.8803361638790825,-2.8609844372645883
0.20325232497732193,-0.6473736460283248,-0.6299745067938929,0.010949349749760418
0.4404418332498641,0.08599815827911561,-0.2543488830317189,1.2007588985733628
1.0,-0.47993746660563974,0.986475658310658,5.7828046462921465
-0.6417113618919319,-0.7547294340707944,-0.1378405945103376,1.9251963151462328
-0.0014867900004542633,0.4319179550672385,0.8187421400399497,1.333484032687263
0.8389775258432148,0.7879591092407405,0.8784041364766346,11.028409286940832
-0.6653247726525269,-0.19343760584786107,0.13765883594527262,-0.9553808585594838
-0.06956285615379754,0.22716020884305999,-0.44993788548854274,0.6282982640407705
-0.6714924849809345,-1.0,1.0,0.3565151850302234
-0.3739728591784588,0.07886119286388249,0.8763547210225973,0.5244929441282914
-0.2635034693560998,1.0,1.0,14.79543062496891
-0.5065437005231581,0.723755203666457,-0.0162119472105533,-1.661994692051403
-0.44831818491411735,-0.6251031302500287,-1.0,-4.390247074917455
-1.0,0.8939188342379141,0.26364301175418947,1.0644067275594307
0.7636422868998116,1.0,-1.0,14.71566273818147
0.7734310635798192,0.22265782947265778,1.0,5.887193283463421
-0.6498829471589391,-0.24649425687178583,1.0,3.062663436268523
0.7543391863734001,-0.10040328690199196,-0.6790112399009043,1.3196956064281355
0.08596945215215879,0.06108172857388117,-1.0,-3.095600497630334
0.16042859627628547,0.1961919762283597,0.7701308768221267,-0.42603839896706025
0.3274491833067823,0.45491490249352995,-0.7176275442731486,0.7442357173849095
1.0,-0.3468968391803722,0.879436248744635,6.313267024576311
-0.7785791349207156,0.313546523275118,-0.06929011905504279,-2.5178767981478343
1.0,1.0,0.6366866514652543,15.140019761520117
0.27757718544246934,0.4772304674635426,-0.5629793038282256,-0.18026014833129755
-1.0,0.38829517590999707,0.11208566989368607,-3.786164870327361
0.3840960525926549,0.6606484049202661,1.0,4.7507289548362674
-0.4441451000268115,-0.8240292712873394,0.30857078327335596,1.8564539517358618
-1.0,-0.004702728076025009,-0.647576553341098,-0.545031196587544
0.4550783462382564,0.04737743304899533,-0.5969687479289569,1.2506796532296067
-0.40957381814469707,-0.4739275227139972,0.9466190555091425,0.5227704524470852
-0.05661089877425174,-0.1746236924038711,-1.0,-3.466982590037236
1.0,0.32702486926230256,-0.06040503560101795,5.890443067095597
1.0,1.0,0.7579075372139767,18.723140162836135
-1.0,-1.0,0.16560601900195504,9.568400299262747
0.6168690341892571,-0.17093073025786443,-1.0,-3.736167581907244
0.09220290911819196,1.0,-1.0,4.850890130740058
1.0,1.0,0.3810023201802708,12.587283591074156
-0.13044342055860847,0.8708635747766202,-0.2877156977907849,2.8052461874641104
0.2397146492246669,-0.02156838599859512,1.0,-0.8025541950838861
-0.10603457217886003,0.24363951250937554,-1.0,-2.9255165387836
0.2516196314250836,1.0,-0.2215107160650731,8.318239904639732
0.11630789750983195,-1.0,0.06963688440252125,1.6528089098704088
-1.0,0.5530598040799957,-0.8942325288149475,11.272889563017586
-1.0,0.2594007093045023,-0.664986121337467,1.746673355316373
0.7618272740018885,-0.722429480531003,-0.16412775147019598,1.2044066824429103
-0.16652974638861684,-0.07134678497858071,1.0,0.6093842263501847
0.039220913774683064,1.0,-0.0329602268437128,8.214569748873641
-0.41024560013390055,-0.3582866864389027,0.06483298498715695,0.6090822263301053
1.0,0.8086145408495455,0.10511286908276185,8.958821734328456
-1.0,1.0,-1.0,20.996765699786533
0.4108362136215582,1.0,-1.0,6.530394230757863
-0.1400936661892831,0.49497956078036487,0.004024752105704632,-0.8327509629571912
-0.0045223262250992935,0.4758046450039839,0.31130909548167307,-0.27463433562142164
-0.4106651798470493,-0.1632402664471626,0.47695850325470945,-0.23580668352102602
-0.6986153375270265,0.42178606646385575,-1.0,1.5127576363122786
-0.20149488625430578,0.4410935847457853,0.03664358138319823,-0.5093493907168181
-0.9918900693565251,0.05863665298695708,-1.0,11.55740426372173
-1.0,-1.0,0.5044826446121358,12.393581804653499
0.5528255552468817,-0.912833054645297,-1.0,-16.862144900643827
-0.4910160625338027,-0.12285381418207031,0.0790543195097404,0.05603890773178627
1.0,-0.16197250870147584,0.4076600179213903,5.811383774674909
-0.5918003025570822,0.18537224111397088,-0.9705838402236335,0.4733302406441589
-0.6865631919557635,0.18313280271136012,-0.5231458815497598,-1.3795646055293949
0.008074323803378691,-0.774677230224113,0.5639038914427699,1.3626642999867142
-0.03371400857990636,-1.0,-0.5564235129420623,-0.9968498730433369
1.0,-0.30811353032480726,-0.38760645799225113,4.627460598951334
0.06130650166312446,0.41919993100466924,-0.32653165192175604,0.3727409685186053
-0.8005999289832146,-0.7452830808860236,-0.40227146871442776,3.4981287668654324
0.5778059147970647,-1.0,-0.5996398735499557,-5.409971700633165
-0.17159973994352762,-0.6093305676679996,0.05507352331411908,1.0690004639563406
0.9739648862994013,-0.5546994233482259,-1.0,-0.06263536688273441
0.007387173573742523,0.28473043958967925,1.0,2.2343520752768367
0.16950939136346355,0.7670592328696231,-0.2258854529854437,1.8927589299491576
-0.38947979233167795,0.7399438081746048,1.0,7.742310442969414
-1.0,-0.7821428284620056,-0.7841383646255453,3.0660665900188513
0.21277724550609856,-0.1310424159959016,0.05757204640992919,0.4736008790168492
-0.08329866681969422,0.7705673958300634,0.23222790523698533,0.5952311276242344
-0.47636963187819603,-0.2327606851143944,-0.4035091146327199,-0.16402336913986948
-0.883938369617886,0.49386642937437397,1.0,4.838311163778642
-0.24009368664168362,0.23378405231227206,1.0,1.6275772032011413
1.0,-0.6699956602211163,-0.4819825823845596,3.071693293667659
0.6450703523440102,0.053974432318657284,0.7395560902675631,1.6789164084790593
-0.7432143019935404,0.4939428955423113,-1.0,1.8257641905324213
1.0,1.0,-1.0,39.90487308120158
-0.8621122714088005,0.025541328820375853,1.0,3.3957496100538105
-0.7950567039644751,-0.7212311362162347,-0.5988329486779445,2.450882754714598
-0.5886975015624063,-0.14949499587472226,-0.028975743753185457,-0.7459593097975106
0.18986937846216523,-0.02971078498994628,0.5129517830292516,1.26559934297164
-0.8102404489898647,-0.09078423356650478,0.1417422246456168,-1.5712675548326909
0.1851338891607195,0.03783419807582855,-0.20490048661979232,1.18025033991394
-0.23510963207185798,-0.6388693174032054,-0.64836477675643,0.4013556064437051
-1.0,0.0987679771022536,0.36559146968291256,-5.407979051989545
0.16974594748218985,-0.08295397238453561,-0.026736889547820386,1.120300688661531
-0.49014425832125186,0.864758755700932,0.18291362554716484,1.1171040314479903
-0.03697707280450535,-1.0,-0.314298613089947,1.7019217887892542
-0.2825893426191606,0.11502348029007581,-0.6741041373940997,0.5658192190118079
1.0,-0.20712059268112704,0.04320332991164966,5.853208237162354
0.1647475954064581,-1.0,-0.39813325307063097,0.9766860244855975
1.0,-0.07211413643190046,1.0,10.635919105748519
-0.5485852213302624,1.0,0.9736309082592947,15.217387501004819
-0.04859169980427103,-0.10164554990268448,-0.10475741757419099,0.3653967985413862
-0.703232065123526,0.19233934172431577,-0.7511157875060408,0.27276790002909745
1.0,-0.6153166745905492,-1.0,-1.1806645024376285
1.0,-1.0,0.9521463173288269,-8.305798710308453
0.8485629395783749,-1.0,0.172857065544195,-3.5657293472101257
-0.30703990518224167,0.690304260522723,0.5576569349777678,0.6714338818943796
0.0788642326488942,0.09394167049033841,0.05365203831162879,0.5845101918423111
1.0,-1.0,0.21554022953458962,-7.543860319435832
1.0,-1.0,1.0,-9.602386005630148
-0.6692530679211885,0.8279513192203412,-1.0,-1.8286541689998304
-0.19868177673594878,-1.0,-0.5802637929494323,-1.2042319759346212
0.06995002339687328,0.6135554901071216,0.06613728511298822,1.0963229466967752
0.28915382698843173,0.019673529143094504,-1.0,-2.5747732941893164
1.0,1.0,0.4847355317081157,13.459223190989878
-1.0,0.2826989940140525,-0.1348656617840045,-4.196762067127049
-0.5980495996813253,0.5419295496498284,-0.5850842574979394,-1.4030965150492931
-0.8895662400335518,0.6999012323477565,0.706299736350521,-1.5808549783256938
-0.6137867711614442,-1.0,1.0,-0.640517842304168
0.36433110137302105,1.0,0.04597311995557374,7.708768137929544
1.0,0.6486771192784575,0.7825499005160268,15.789658630453271
-1.0,-1.0,-0.49233311345860353,4.862714697939304
-0.8555170592853727,-1.0,1.0,8.813575760273258
-0.8399839983394977,0.03418232401044419,-0.23707522680681192,-1.2311828476120144
1.0,0.8162404995977908,-0.4198394942242796,9.315106414917887
0.3037285631786921,0.7614851365920854,-1.0,-3.0026994645706653
1.0,-0.742616692442837,-1.0,-4.567256043932173
0.05851971160222624,-0.11051434344360667,-1.0,-3.3984285641742744
-0.21519073920333542,0.30427764215768716,-0.8255935559106178,-1.0015484331207882
0.22661055433168564,0.6368711727909038,-0.13131967889304885,0.018054697817152743
0.007856276602859147,-1.0,-0.8578576960535111,-9.723460897361813
-0.5144853443389359,-0.11025223613975932,-0.24295818218288923,-0.28736173196790904
-1.0,1.0,-0.6847819973866616,13.09120187214155
0.4846931780890136,0.325882880264762,-0.3404831478354966,1.5245737484772466
0.7927400998567418,-0.5622312610301212,-0.4457801039526845,1.3960519204737338
-1.0,0.8861096593984217,-1.0,20.561546087975046
0.46931926117090006,-0.49419959374727473,0.8731283254974771,-1.3125819974607775
-0.38525503700821195,-1.0,-0.6721616857557482,-2.6056604071534797
1.0,1.0,1.0,27.074981670246395
0.5720929659198091,0.26121347659106253,-0.029778108879267018,1.1835321166679504
0.003448713696956096,0.43285752708610903,1.0,2.767904727926786
0.5749418346520718,0.7199009032560051,0.6348533687523261,3.4148292157118543
0.9165986448718155,-0.731404497583281,-0.5351985457729951,0.5763194349363867
-0.3438963874906511,1.0,-0.6806924202136007,6.378067799845581
-1.0,-0.05163398619863324,1.0,4.003733607952749
-1.0,1.0,-1.0,21.438261200504087
0.4641481137922563,-0.5029264943594429,0.9657196994555224,-2.471304452501543
-0.20755950952766455,0.23646758923432043,-1.0,-2.502011993516956
0.304186808199185,-1.0,-0.3406414223790142,0.3124377839362404
-0.5934752516527764,1.0,-0.309276618140341,5.227244875773675
-0.09953899352416462,-0.20574401388043628,1.0,-0.09703851417242898
0.32287646498030353,-0.48940930800757987,0.21958223819317513,2.1012297283769024
0.24643489917693961,-1.0,0.21120852722936445,1.103067182040399
-0.7264130496836965,-0.8713037343541155,-1.0,-3.193321570796755
-1.0,-0.23128772730834157,-0.6969161074758368,-0.021321330627928542
1.0,-0.596817867183477,-0.11860200400275556,3.0970424722500955
0.10665485063727087,-0.8351302024699836,0.8081163465063879,-0.7522388365338271
-0.4610178439934973,0.5540234418573504,-0.5036798648149947,-0.9055073537468354
0.4869981593253294,0.9994240169058479,-0.18993767060034328,9.398211488715798
0.6879345195647335,0.3972051357833337,0.06584558676393892,1.9042312590863915
-0.4440233087324259,-1.0,-0.5827041411021208,0.1375792147510329
0.9809736049802302,-0.5778063450068014,-1.0,-0.9008987445270868
-1.0,-0.3944151574325383,0.2946128635199814,-1.5223388751044735
-0.8578447192580689,-0.8871512796893828,0.1308445586961784,6.073974067536214
0.24238689005943637,0.4161506517360063,-1.0,-3.505671545214392
-0.8436315658274898,0.846123194231325,0.6071276197412026,-0.8866441782311649
-0.23961170702011958,0.25963457813731816,0.5060432382622959,0.07392621231419533
0.046405600301378636,0.2478010429301285,-0.7688324230427468,0.080622447531031
0.9070922543379718,-0.10234493070710671,1.0,5.4535999903008685
1.0,0.30488651453579263,1.0,18.88281541087292
-0.12199005336903967,0.05968101087446276,-1.0,-2.696322502332177
0.06639472568631244,0.3015992155206626,-0.3694429891646305,0.17024178800672818
-1.0,-0.7633310891633793,1.0,14.12589309064095
1.0,-1.0,-0.5595657838788675,-12.125039099621638
-1.0,1.0,-0.2721951037526096,11.063663417832183
0.018327471118589456,-0.2561476006594172,-0.526696284846073,0.04852803747105683
-0.23256819276550567,0.5249154312157491,-1.0,-3.9836899147269516
0.317032280722813,0.44015151697070887,-0.17324506901485703,0.9346356240461171
-0.167405686914895,1.0,0.030197065305261228,7.622897506635274
-1.0,0.5355059524618582,-1.0,17.225432742370018
0.6622481890312832,-0.9340130365544215,-0.8025455881664456,-7.5066486857915
0.9579881876079079,-0.11371784700499266,-0.5065634074606797,3.197795724864136
-0.16402760094584612,1.0,-1.0,3.3648776930304702
-0.23649996016400965,-0.11990938742950696,1.0,0.6999805043992953
-0.623352450452954,-0.22294708796023577,0.5589460129009738,-0.02122058351696331
0.546898987678784,0.6091213656259333,-0.93947086228321,-0.9998911188670835
-1.0,0.6032401836457832,1.0,6.709747701717585
0.10602230365085741,1.0,-0.32314034999934904,9.82171854843825
0.8760443794353459,-1.0,1.0,-8.150926630239645
-0.8878808340937043,-0.386392763820784,0.4062105769584461,-1.1309123965467331
1.0,-0.23063442906825915,-0.30485243241609905,3.8958848493577776
-0.3635549548513619,0.03309966763332306,-0.8322072282827682,0.19608814167418148
0.3776172723271751,-0.12490476111109095,0.6543078897667443,0.7605768693304397
0.47636886793199507,-0.7522776725984712,-1.0,-10.530380777234237
-0.12579737197266527,0.45920942939035836,1.0,3.2096317787981365
0.27255147660873846,0.9108573114715295,0.4907565785470316,4.729874696913715
-0.7144105864889574,-0.6664103387908973,0.92397642309978,3.7442349161612154
-0.2872048303111816,-0.23732398685177603,-0.07740360438696903,0.3286277089618944
0.22420254136327067,1.0,0.00887230171901332,7.756235145636779
-0.09003519029145846,0.43744644556403967,1.0,3.258518498138974
0.8369509289983954,-0.20224781609539044,0.5953776379855065,3.593928601394353
-0.492402126048062,0.175598407646538,0.11643836409152164,0.24288097027750433
-0.9590160300533777,-0.6421813357207911,1.0,10.475415142032837
0.08981831650645034,1.0,-1.0,4.824454635339259
-0.6153949977050621,-0.040300760203520136,0.21679061122532972,-0.4158776519867837
-0.6855956565237373,0.6061872567902915,0.18541676451632783,-2.044217656382728
-1.0,-0.4880428078081629,-0.33845094331477843,-1.3074150124160624
-0.42257802163373204,0.14167461361031197,0.11953826146149282,-0.4747216662490984
0.5787821375347906,-0.2477321052870849,0.32510473925867145,0.6486175297117363
1.0,-1.0,-1.0,-29.546848572877746
-1.0,-0.504925990055983,-0.7938431351453832,1.355765650251758
0.4055142941744332,-0.1949542897444978,0.7598294998740702,1.2186164448732035
-0.7539334772356041,-0.25699452832437664,0.5519756573425882,-0.3782921260400524
-0.5674626747579326,0.8428259144694423,0.07646442551511923,0.212086664043932
0.8877794030769695,0.23737918232968513,0.0071154474650199084,3.199933405383453
0.157540056653513,1.0,-0.8010339172782501,8.983090281279697
1.0,-0.7437899188845858,1.0,0.8444595751183558
0.7682818635942734,-0.5425618311543179,0.2810708869586569,2.3119039307040703
0.04738917599720183,0.029512988699105902,0.3238917340862715,0.25706848697572504
1.0,1.0,-0.04621986707942605,13.995448712111669
-1.0,0.3561638825824558,-0.844477944952728,7.360597009606742
0.17061438988109057,-0.05889397711922384,-0.7502136708345726,0.33900745574374286
-0.8644417229054937,0.0858973046389162,-0.05858220310436901,-2.8410616668686264
0.1302624545972899,-0.7175269584689694,-0.19187519417931576,1.4168871799390104
0.18239752357954053,-0.4516326230279466,0.04544680229136677,1.4054850158957435
-0.733469504038617,0.16121747257735097,-0.9593550292543989,2.776898040522314
0.1131922573717905,0.9537681701094425,-0.9077672331708988,5.199496525622722
0.2333444019631381,1.0,-0.18360959428830204,9.509885063483006
1.0,-0.3823671329799083,-0.28635697737185795,4.0587616018939014
-0.950888641109604,-0.1756149156763207,0.31510724829358905,-2.3823038567465042
-0.7815678532913861,-0.08645487842579302,-1.0,4.032928156224879
1.0,-0.14342197212356544,0.20062366492470307,4.221042907154962
0.5822007101404425,0.1707893166909633,-0.8083082645794586,1.2061911450698533
0.4739510781879288,-0.1993356251902838,0.30051615800674303,1.7028313258708971
-1.0,-0.2477790213365736,0.6527954089322907,-0.7549192249642822
0.042631158234745836,-0.6767976783231031,1.0,-2.6964338573085227
-0.09151714786007914,1.0,-0.7314065419862297,9.481395567107588
0.8598929160679236,-0.5684723765261466,1.0,-0.46810594816412904
0.28363153038672984,0.8025840698972866,0.14680374703450583,2.3052957096159705
1.0,-1.0,1.0,-9.21104206315597
-0.5331254445608846,1.0,-0.9838122309429829,0.424885480273335
-1.0,-1.0,-1.0,2.0355225806359614
1.0,1.0,0.5477332855110442,14.44093930030944
0.9106065401980992,0.01679010529428626,0.953643754515427,7.074175516778989
-0.2270518074661989,1.0,-0.6011022739347083,8.264731315278178
0.781347568807194,-0.8694850335008164,1.0,-5.569166128214507
0.9870234618278426,1.0,0.4097491474703472,12.394417033651742
-1.0,1.0,-1.0,21.785685753683232
0.998822678674443,-0.635635968625111,0.008980811564297086,3.2435091882643134
0.09186914054979667,-0.8616809168623916,0.1231804280455473,2.9251675401641153
-0.4329903895330105,0.5260707200392005,-0.14515017118263263,-1.7096473615751382
0.2583144426769055,-1.0,0.001981213985929209,1.1419308254249418
0.31597956511029746,-0.3431370417359145,0.6525801164377956,0.32059358782674374
-0.04604233766264754,-1.0,0.8297379738893038,-2.7531286240288693
0.8233603812123726,0.4686679437765875,-1.0,3.7439765948264365
1.0,1.0,0.5522024360847531,14.647337224775434
0.4251944591987842,1.0,-0.873322898428712,9.594353763612107
-0.17541414731689953,0.09099462028449667,-0.31642888792315693,0.9898995645097133
-0.2900782033378233,1.0,0.8479965255617103,11.109227744161137
-1.0,0.8685287751628041,1.0,13.13760259804361
-1.0,-1.0,0.051878802243534805,7.4718809074578125
1.0,0.7472681312219185,-0.8755375950759787,14.538180789066455
0.5746786791810323,0.047405311003341444,0.09086679074457948,1.7577534606997403
-0.6344056245169782,-0.06678543278689575,0.09789633751843452,-0.32886294318574366
0.30748664044638363,0.028527512264918453,-0.20955491935071358,1.4545731736373828
0.6620016331776117,-0.25837121657647866,0.7876579704485893,0.38338967596789586
-0.1286575966666108,-0.19189260076553127,-0.3251344812545498,0.30295004073684173
-0.06894147657701488,-0.8084296436302185,-1.0,-9.695183064479123
-0.5187627134798076,-0.4287130350342496,-1.0,-2.030389866273294
0.00818792171581828,-0.03824340794731551,-0.6632760299751088,0.4634479207353394
1.0,0.2414388878075513,-0.5230482956595608,5.084135704540236
0.27014658599740193,-1.0,-0.4675722380499958,-1.3835540280071577
1.0,1.0,-0.1802548312162957,16.156557974188438
-0.26216745737822045,-0.6968384317938603,-0.5304086213855306,-0.18905316321250032
-0.06606503511688078,0.5647657840783713,1.0,4.64969274782494
-1.0,-0.9193619921520493,-0.3132538205515836,4.545533510243216
-0.42587625413054475,-1.0,-0.882419812181447,-8.318606398112802
-1.0,-1.0,1.0,22.3337664303236
1.0,-0.06852911011566243,-0.5915381593424598,5.184174653297009
-0.8992108034506432,1.0,-0.49433124631665426,7.032705626371024
-1.0,0.17213814373669822,1.0,3.8536604591281036
0.2832379969412524,-0.7206836675846249,-0.6835973020466481,-0.06913583438308862
0.049657411455012124,0.46370400111641574,0.42034810774835374,0.7343907087764301
0.9121037433141861,0.9662426333499123,0.8181852533444722,14.20189471434693
0.5019926492345981,1.0,0.7248200839890258,7.709626752866483
0.6879234832353682,0.8173423906303139,0.6771303800751172,5.67147750447305
-1.0,-0.7029497755613257,-1.0,4.82452184685084
0.05692177491764894,-0.2824314892003763,0.5396670194224198,0.5007990883320472
-0.2925727730559593,-0.1844767132697538,0.702604860185944,0.30126557373051327
1.0,-0.7719750514561725,0.5868979339700386,1.581399812515254
-1.0,-0.21154689637936186,0.048864532888182266,-3.7538599330981857
-0.1957410377874771,-1.0,1.0,-5.8775353993952075
0.5225539178893115,-0.5623726554829978,-0.46143683210278974,0.9166531942799861
0.4418134124175721,-0.03886707275409451,1.0,0.021490119246915462
0.2638450764512452,-0.667303120068782,-0.4871877483501392,0.6786574098871461
-0.6871439008551323,-0.5955443759416053,0.010916082288004114,1.1531606461454154
0.6857606239817258,-0.005441965315211128,0.6990480806165742,2.352338980280587
0.01822548369405186,0.23642578026464278,-0.0979330608144171,0.7524243783433047
-0.06533667484065142,0.11536774489842427,-0.8922852698353989,-1.5830162638603897
-1.0,0.5663239596075031,0.31804287518570606,-4.037508747474633
0.038390647465344596,-0.14071529139104944,0.4532514707558448,0.9850888811553474
0.23815782433218358,-1.0,-1.0,-18.916482025012435
-0.4564558343829712,-1.0,-1.0,-13.249045063336126
-1.0,0.021099551021995788,-0.41882103864248243,-3.27440612253969
0.9514340336541351,-0.9061757907608026,-0.01427127316915544,-2.403104776492319
1.0,0.29989419124740646,1.0,18.14180301587716
-0.22926858978430142,0.15100740159130321,-0.03179682469861822,-0.12743736988563617
0.43594299746976817,0.27981508999810933,-0.4231538317997836,0.7148443644146849
-0.44586755617451046,-0.14760554613399135,-0.41907994180445685,-0.4271725696018162
-0.24734148720714644,0.29372058515109556,-0.09361382812574703,-0.5456748567371458
0.2674019648791246,-0.6820240960447548,0.33251043774844047,0.3908289241922547
0.9111054849144349,0.8135091943491477,-0.30594085281081185,5.746097462501394
0.053228964963452974,-1.0,0.6044862298449225,0.8101694449850441
1.0,0.35691053235393677,-0.2969925285736199,5.135550906322457
1.0,0.7558332349174928,0.42173218972452764,10.914871344022288
-0.7787033239475827,-1.0,1.0,4.48754147806959
1.0,1.0,-0.16826085604698404,15.925552914710378
-1.0,-0.24452336279627085,0.42860230852443704,-1.6226186111449337
-0.8407047380101096,-1.0,1.0,8.924363225617718
0.8084988847642431,1.0,1.0,15.187669549982921
1.0,-0.04279863298619957,-1.0,7.591040304575986
0.6071126488541994,0.2894837972406117,0.15008316970958813,2.1287850263209025
-1.0,-0.7687840275054514,-0.28196247601207913,2.1756890783399174
1.0,-0.13978475971959514,1.0,9.944559265646447
-0.32923228961613504,0.22228788591650628,-0.3985011179001994,-0.10745786141167263
-0.5091088471289089,1.0,1.0,16.1948349073556
-1.0,0.2031717542265945,1.0,3.552099788452822
1.0,-0.03564475887824847,0.19294833887934715,4.738027394404265
0.4013761006336052,1.0,1.0,9.688626221653715
1.0,0.003159129046245601,-0.37653412565032096,3.579482679063529
-0.06828695047847422,0.4564196892966357,0.8132096239553364,0.386652874585137
-1.0,0.17381965540045474,0.925626607059052,1.0798027587225567
-0.00155222874913985,-0.4535214117611359,-1.0,-5.28961536437908
0.48654771191802904,-1.0,-1.0,-22.509234603745135
-1.0,-0.5136530033801143,-1.0,6.042957694954216
0.7928869363413975,0.41366946467833166,0.09642978582029693,1.8530143862243345
-1.0,0.7251177669432831,-0.049676656826099785,-0.9756463212375819
-1.0,0.09946090111845685,-0.49575984133206163,-1.572358691599195
-1.0,0.41630956892354987,0.5523111401357952,-4.786245492273652
-0.22892034145790952,-0.1270123813002242,-0.16014656055764354,0.4369839094181933
-0.3033831893575363,-0.5609463562336627,0.9078199400843019,0.28253087852887054
-0.7361992226970802,0.42418840666290736,0.2083888865477217,-3.0804220926939454
0.9078413637123826,-0.2933218527852013,-0.9410148314580837,1.8817004180949874
0.60388159519947,-1.0,0.8276238618798339,-3.063672467925675
0.6372991059357527,1.0,0.5862236902135263,7.9160208524327675
0.07138886777510822,-0.5451088905547983,-0.7835595272749509,-0.47200422745106574
-0.2963688653087331,-0.44886811482109046,-0.1273511131921612,1.1287895782083583
-1.0,-0.17856848432039163,-0.013629957938752657,-3.7405164358939658
0.5649696754864655,-0.5221196968895345,-0.8066032902377056,-0.6187322226106362
1.0,0.424406016405676,-0.7383359531390712,7.095723592662205
0.15046573905752458,0.06581893978900166,0.08222008444544904,1.2821607683529532
-0.8064925005265584,-0.24679282607597997,-0.7923082223123783,0.5241238171651872
0.8474364472773366,-0.10545887136984722,-0.8232487254855028,2.3896021476343847
-1.0,0.7384727025534801,-0.7392760969645538,7.835210925214973
-1.0,0.05620317943913533,-0.3228537978155117,-3.410884138209547
-0.6496293857583497,0.37876423932238046,-0.7713268269150293,-0.37332359426234857
0.254303771796774,-0.6277869133696818,1.0,-3.2364838011355057
-1.0,0.7124775748015544,-1.0,20.083452324292324
-1.0,-0.6333196375056163,1.0,11.693327433564518
-0.49351791965890723,0.9454079997854028,-1.0,-1.3087191964013574
0.7664644327013423,-0.35103623500740677,-0.44961741810506717,1.3601757256297704
-0.8295930656227921,0.5640892024901558,-0.24895764722108327,-2.6073081487119874
0.8135535428160434,-0.41156798931919947,-0.6280797046004378,2.4397367494113937
-0.7362624211402169,0.2997810736294888,-0.4423463342785008,-1.4624558834467576
-1.0,1.0,0.7389685963722925,2.4550953824150605
-0.40372183714494714,-1.0,-0.6103600717680004,0.17024098098926843
-0.38317184878530686,0.9973404935393577,0.3252297765669565,5.862541421001627
-0.10514617577558427,0.35804340646458144,0.3212476677413869,-0.30221870199040585
0.9428988768468498,0.9150360431641598,-0.313847837243864,9.871322842585066
-1.0,-0.6727324435132738,-1.0,4.528667203273369
1.0,0.7671183343481114,-0.7657150720728587,11.074282034034363
0.9220602600207686,-1.0,0.2296615921515015,-5.54848774519177
-0.38098516371154956,-0.725519524555255,-0.5742303544441916,0.2834774725113194
0.1274852918010536,0.669806556015923,-1.0,-3.6277741503269048
-0.18390087357743612,-0.15010365212445387,0.886392992044162,0.026839084067540653
-0.4643255100595922,-0.2116587927740199,-0.21618031907519275,0.6176172114637231
0.9747718895198931,-0.4045858510566931,0.2699981944634502,4.149688180356865
0.25536137797304637,0.15523463030080387,-0.01995196068357008,1.171936765093897
-1.0,-0.872166504477194,1.0,18.468503113508184
0.6321424053385947,0.7015178093273919,1.0,8.087325425137383
0.11365743930659677,-0.23739470749507663,-0.5841230388689376,0.6959855852642431
-0.8464858835552307,-1.0,1.0,8.621776906506906
0.3720097976591119,-0.1771809717097086,0.40899020875240266,0.9802313449126202
0.2031412154834118,-0.8661593454891785,0.40250420230828077,1.2234147511574065
1.0,-1.0,1.0,-8.962067661572009
1.0,1.0,0.8119277630013968,19.43976597127982
0.9891327973302724,0.9276158287887089,-0.01547399720249576,11.827975240437588
-0.18775367466184756,0.6650714236895838,-0.21223926808353744,-0.574644750994663
-1.0,0.9891621095023333,0.8584556033241704,5.199635425678378
-0.6640843235957958,-0.3023755157057737,1.0,2.2743827252917144
1.0,-1.0,-0.4159362364699606,-9.870421110353783
-0.7479858380501356,-0.02005199844910943,-1.0,3.7242439523753914
0.16351418670345352,0.6769380715519644,-0.9451313483076844,-2.3600795265571732
0.7464887876107487,0.1422238518893746,-0.4365759011694499,2.18726936089029
-1.0,0.8830497242790414,0.3622915451700752,-1.0628454858095595
1.0,1.0,1.0,25.486896135317796
-0.5676571863753355,-1.0,0.3827641516270808,3.744690120096026
0.6588701391160681,0.2986637821917548,-0.2952666521484606,1.0473125719541552
0.3384686326835975,0.5871338961981678,-0.17623825404213966,1.4415612978321248
-0.9337563411685335,-0.4335273360465144,0.4351702103509545,0.19213935525483572
-0.2492687546402581,0.9265375562877889,0.9227757169266966,9.106229593355108
0.587978509022135,-0.42847149821598096,-1.0,-5.65454282287817
0.39264243123097353,0.7161306223842998,0.30661786958437753,1.4582810159393247
0.5989219666790637,0.8224881037272287,0.8269004194215412,5.564854651418971
1.0,1.0,-1.0,39.410441415324634
-1.0,-0.5983933650505777,1.0,10.819716807258937
0.6143048237261506,-0.15364884835638204,-0.6489912073521125,0.9697570882950395
-0.013498824910848084,0.5074935498976989,-0.0997207918190901,0.4920801705290939
-0.6389705259120932,-1.0,1.0,1.1525032862867697
-1.0,-0.5141286082608783,0.5753787904899943,1.740130781112383
0.5830501997306972,1.0,0.4456015009557164,7.349656984520638
1.0,-0.10496971658495546,-0.6798895141424441,6.75514304997217
1.0,-0.002701996677214824,-0.23242502537583265,4.233464558062179
1.0,-1.0,1.0,-8.94026456442916
-0.06992746498347202,-0.019328428177062484,-0.4446758144650409,0.8647600681875188
0.6464435620891824,-0.23117496081280908,-0.9121228645639696,-0.7802062430327552
1.0,-1.0,0.2079211642263057,-7.819470470276816
0.25075465845455214,1.0,-1.0,4.792199314642079
-1.0,1.0,0.20937478351401118,5.249806264224694
0.06629646492785146,-0.38700634674184853,0.1590315467681629,1.4496837251429042
-0.20952445035880585,1.0,0.5797210385708911,7.844847269254022
-0.26761359201542345,1.0,0.30562587436236477,6.763101832002841
0.547939962857928,1.0,0.8939475451126457,9.372795459237645
-0.6545390599529286,0.2421426539546936,0.1986233472226122,-2.6592326189883377
0.8977524912593529,0.19813923946320666,-0.8808156014963542,4.518980389286083
-1.0,-0.7402839826410734,-1.0,5.082197468500445
-1.0,0.6722336519853316,0.37083706606871214,-3.5833541137407487
1.0,-0.7689732019084463,-0.0798350904782319,0.917503723175372
-0.23564891459399084,1.0,1.0,14.549508547177725
-0.7845634491901221,-0.6752518673355672,-0.6756383916608943,1.9738311250079272
-1.0,0.7907847097275484,0.8202914102087335,1.1959025944221602
-1.0,0.7284456692301446,-1.0,19.569067673799424
0.6987251086740673,-0.7218662594368694,-0.5718326946737291,-0.04468166140775107
-0.6250821829925841,0.9161006883879095,0.42644500288377873,1.7765470710264863
0.6913538739559586,-0.3501845199420279,-0.5254047808058546,1.4135425419112204
-0.1354688509616122,0.3244442323238388,-0.08130146047802667,0.4814909265289959
-0.45729694232642215,1.0,-0.5755017609718447,6.004499953432583
1.0,-1.0,-1.0,-29.418910952964954
0.1228048547226821,1.0,-0.20233578648631045,8.961702535969541
0.28979497006969224,1.0,-1.0,5.297279253885776
-0.5025386299198575,1.0,-1.0,-0.23151334294006942
0.09446106752453964,1.0,0.5623366321377454,7.910601982050888
0.16074489893229016,-0.4951772577742577,1.0,-2.160066459566069
1.0,0.1635240367287507,-0.8230827271083203,7.244859043059623
-0.6729213040533224,1.0,1.0,15.636039672174942
0.0630122201913812,-0.2823598213214269,-0.3041467304873742,0.8551889236741994
-0.282993750594573,-0.18085512585636132,0.5209953656773356,-0.19267391156773178
0.12540467379942188,-0.11456145261356876,1.0,-0.8118015394050889
0.9679098737170286,0.6267097356239921,-0.2989583809079137,5.55140065198841
0.1662293594144737,-0.048029883415907415,-0.6016406194083237,1.4124402493400972
0.15571244797787043,-0.5503192294661372,-0.5348173771665901,0.49590514061270485
-0.5064747466470592,1.0,-0.06731725494486018,5.5181256773382765
0.5247973233610548,0.5056292290962181,-0.32517036616031936,0.18511058714750706
1.0,-0.6763186928195937,0.35487438755608713,2.93048402512128
-0.14106111343779815,-0.36958181805235735,-0.3328864508553109,1.5762475484488871
1.0,-1.0,0.389564693557537,-7.47652382971753
-1.0,-1.0,-0.5778209242280836,5.307228529393246
1.0,0.10714017375352758,0.9927779487819071,14.617849304976327
-0.11838124502899916,0.18829196270189952,0.38376365341250773,0.3672101948567898
1.0,-0.07235490965570901,-0.15418139115543172,3.8984247293601366
0.2283926326237231,-0.505430254271469,0.9293021532056114,-1.2362435880646796
-1.0,-0.456605562553988,-0.1259693768535135,-2.056586962462898
-0.7221249188283696,1.0,-0.20025705769449464,4.406794158302042
0.22042930575190645,1.0,-0.7095283992097399,9.88442759459023
-0.5303644158293963,1.0,-1.0,-0.08976934349235899
-1.0,0.6276862406497854,0.1860091857710422,-2.8339619670646385
-0.7641932080922555,0.6187744384161589,0.10648800375162537,-2.345088460656922
-0.08549157843939814,-0.2565511241923686,0.07257384164166725,0.2447693730646346
-0.41449907198645497,-0.23100753659308038,0.1367660621853315,-0.6380053701196207
-0.6747337325380451,-0.24433905023698,0.9033993445100881,0.9611420992489419
-0.6560319822817942,0.5194328072618257,0.7953663122211037,0.04864030449745385
-0.42195762159354655,-0.451946587592452,-0.6825466214505742,0.04133817112558963
-1.0,0.5698237912146156,-0.28314170959057083,-0.572041279404479
-0.2428374375507203,-0.7343360589400216,0.7557039053196881,-0.4745025743998324
